{
  "item_name": {
    "precision": 0.8542713567839196,
    "recall": 0.9340659340659341,
    "f1-score": 0.8923884514435695,
    "support": 182,
    "confused_with": {
      "item_quantity": 2
    }
  },
  "item_quantity": {
    "precision": 0.978021978021978,
    "recall": 0.898989898989899,
    "f1-score": 0.9368421052631579,
    "support": 99,
    "confused_with": {
      "item_name": 8
    }
  },
  "micro avg": {
    "precision": 0.8931034482758621,
    "recall": 0.9217081850533808,
    "f1-score": 0.9071803852889667,
    "support": 281
  },
  "macro avg": {
    "precision": 0.9161466674029488,
    "recall": 0.9165279165279165,
    "f1-score": 0.9146152783533636,
    "support": 281
  },
  "weighted avg": {
    "precision": 0.8978703301026661,
    "recall": 0.9217081850533808,
    "f1-score": 0.9080500590170189,
    "support": 281
  }
}