{
  "item_name": {
    "precision": 0.9142857142857143,
    "recall": 0.8791208791208791,
    "f1-score": 0.896358543417367,
    "support": 182,
    "confused_with": {
      "item_quantity": 3
    }
  },
  "item_quantity": {
    "precision": 0.9354838709677419,
    "recall": 0.8923076923076924,
    "f1-score": 0.9133858267716536,
    "support": 65,
    "confused_with": {
      "item_name": 4
    }
  },
  "micro avg": {
    "precision": 0.919831223628692,
    "recall": 0.8825910931174089,
    "f1-score": 0.9008264462809917,
    "support": 247
  },
  "macro avg": {
    "precision": 0.9248847926267281,
    "recall": 0.8857142857142857,
    "f1-score": 0.9048721850945103,
    "support": 247
  },
  "weighted avg": {
    "precision": 0.9198641765704585,
    "recall": 0.8825910931174089,
    "f1-score": 0.9008394074579688,
    "support": 247
  }
}