{
  "add": {
    "precision": 0.5882352941176471,
    "recall": 0.6666666666666666,
    "f1-score": 0.625,
    "support": 15,
    "confused_with": {
      "remove": 2,
      "inform": 2
    }
  },
  "thank_you": {
    "precision": 1.0,
    "recall": 0.5,
    "f1-score": 0.6666666666666666,
    "support": 4,
    "confused_with": {
      "inform": 1,
      "add": 1
    }
  },
  "inform": {
    "precision": 0.9507042253521126,
    "recall": 0.9507042253521126,
    "f1-score": 0.9507042253521126,
    "support": 142,
    "confused_with": {
      "add": 5,
      "remove": 2
    }
  },
  "greet": {
    "precision": 1.0,
    "recall": 0.5714285714285714,
    "f1-score": 0.7272727272727273,
    "support": 7,
    "confused_with": {
      "inform": 2,
      "goodbye": 1
    }
  },
  "update": {
    "precision": 0.9166666666666666,
    "recall": 1.0,
    "f1-score": 0.9565217391304348,
    "support": 11,
    "confused_with": {}
  },
  "remove": {
    "precision": 0.5555555555555556,
    "recall": 0.7142857142857143,
    "f1-score": 0.6250000000000001,
    "support": 7,
    "confused_with": {
      "inform": 2
    }
  },
  "show": {
    "precision": 1.0,
    "recall": 1.0,
    "f1-score": 1.0,
    "support": 6,
    "confused_with": {}
  },
  "goodbye": {
    "precision": 0.75,
    "recall": 0.75,
    "f1-score": 0.75,
    "support": 4,
    "confused_with": {
      "add": 1
    }
  },
  "accuracy": 0.8979591836734694,
  "macro avg": {
    "precision": 0.8451452177114978,
    "recall": 0.7691356472166331,
    "f1-score": 0.7876456698027428,
    "support": 196
  },
  "weighted avg": {
    "precision": 0.9071211818060557,
    "recall": 0.8979591836734694,
    "f1-score": 0.8981087494286252,
    "support": 196
  }
}