{
  "config_diet": [
    [
      0.957634500599055,
      0.9441870956650942,
      0.921677119241408,
      0.8981087494286252
    ]
  ],
  "config_pre_trained": [
    [
      0.963807987964459,
      0.9598213283655544,
      0.945654561343951,
      0.9208746074224015
    ]
  ]
}