{
  "item_name": {
    "precision": 0.9722222222222222,
    "recall": 0.9615384615384616,
    "f1-score": 0.9668508287292817,
    "support": 182,
    "confused_with": {
      "item_quantity": 1
    }
  },
  "item_quantity": {
    "precision": 0.9696969696969697,
    "recall": 0.9846153846153847,
    "f1-score": 0.9770992366412214,
    "support": 65,
    "confused_with": {
      "item_name": 1
    }
  },
  "micro avg": {
    "precision": 0.9715447154471545,
    "recall": 0.9676113360323887,
    "f1-score": 0.9695740365111561,
    "support": 247
  },
  "macro avg": {
    "precision": 0.970959595959596,
    "recall": 0.9730769230769232,
    "f1-score": 0.9719750326852516,
    "support": 247
  },
  "weighted avg": {
    "precision": 0.9715576820839978,
    "recall": 0.9676113360323887,
    "f1-score": 0.9695477781797921,
    "support": 247
  }
}