{
  "item_name": {
    "precision": 0.9347826086956522,
    "recall": 0.945054945054945,
    "f1-score": 0.9398907103825138,
    "support": 182,
    "confused_with": {
      "item_quantity": 2
    }
  },
  "item_quantity": {
    "precision": 0.9411764705882353,
    "recall": 0.9846153846153847,
    "f1-score": 0.962406015037594,
    "support": 65,
    "confused_with": {
      "item_name": 1
    }
  },
  "micro avg": {
    "precision": 0.9365079365079365,
    "recall": 0.9554655870445344,
    "f1-score": 0.9458917835671344,
    "support": 247
  },
  "macro avg": {
    "precision": 0.9379795396419437,
    "recall": 0.9648351648351648,
    "f1-score": 0.9511483627100539,
    "support": 247
  },
  "weighted avg": {
    "precision": 0.9364652039305424,
    "recall": 0.9554655870445344,
    "f1-score": 0.9458157905549034,
    "support": 247
  }
}