{
  "add": {
    "precision": 0.6842105263157895,
    "recall": 0.8666666666666667,
    "f1-score": 0.7647058823529413,
    "support": 15,
    "confused_with": {
      "remove": 1,
      "inform": 1
    }
  },
  "thank_you": {
    "precision": 1.0,
    "recall": 0.5,
    "f1-score": 0.6666666666666666,
    "support": 4,
    "confused_with": {
      "inform": 1,
      "add": 1
    }
  },
  "inform": {
    "precision": 0.965034965034965,
    "recall": 0.971830985915493,
    "f1-score": 0.968421052631579,
    "support": 142,
    "confused_with": {
      "add": 3,
      "show": 1
    }
  },
  "greet": {
    "precision": 1.0,
    "recall": 0.5714285714285714,
    "f1-score": 0.7272727272727273,
    "support": 7,
    "confused_with": {
      "inform": 2,
      "goodbye": 1
    }
  },
  "update": {
    "precision": 1.0,
    "recall": 0.9090909090909091,
    "f1-score": 0.9523809523809523,
    "support": 11,
    "confused_with": {
      "add": 1
    }
  },
  "remove": {
    "precision": 0.8571428571428571,
    "recall": 0.8571428571428571,
    "f1-score": 0.8571428571428571,
    "support": 7,
    "confused_with": {
      "add": 1
    }
  },
  "show": {
    "precision": 0.75,
    "recall": 1.0,
    "f1-score": 0.8571428571428571,
    "support": 6,
    "confused_with": {}
  },
  "goodbye": {
    "precision": 0.6666666666666666,
    "recall": 0.5,
    "f1-score": 0.5714285714285715,
    "support": 4,
    "confused_with": {
      "show": 1,
      "inform": 1
    }
  },
  "accuracy": 0.923469387755102,
  "macro avg": {
    "precision": 0.8653818768950348,
    "recall": 0.7720199987805622,
    "f1-score": 0.795645195877394,
    "support": 196
  },
  "weighted avg": {
    "precision": 0.9309428040631048,
    "recall": 0.923469387755102,
    "f1-score": 0.921677119241408,
    "support": 196
  }
}