{
  "item_name": {
    "precision": 0.9560439560439561,
    "recall": 0.9560439560439561,
    "f1-score": 0.9560439560439561,
    "support": 182,
    "confused_with": {
      "item_quantity": 1
    }
  },
  "item_quantity": {
    "precision": 0.979381443298969,
    "recall": 0.9595959595959596,
    "f1-score": 0.9693877551020409,
    "support": 99,
    "confused_with": {
      "item_name": 4
    }
  },
  "micro avg": {
    "precision": 0.96415770609319,
    "recall": 0.9572953736654805,
    "f1-score": 0.9607142857142857,
    "support": 281
  },
  "macro avg": {
    "precision": 0.9677126996714626,
    "recall": 0.9578199578199578,
    "f1-score": 0.9627158555729984,
    "support": 281
  },
  "weighted avg": {
    "precision": 0.9642660600946545,
    "recall": 0.9572953736654805,
    "f1-score": 0.9607451521533881,
    "support": 281
  }
}