{
  "add": {
    "precision": 0.8333333333333334,
    "recall": 1.0,
    "f1-score": 0.9090909090909091,
    "support": 15,
    "confused_with": {}
  },
  "thank_you": {
    "precision": 0.75,
    "recall": 0.75,
    "f1-score": 0.75,
    "support": 4,
    "confused_with": {
      "inform": 1
    }
  },
  "inform": {
    "precision": 0.9928571428571429,
    "recall": 0.9788732394366197,
    "f1-score": 0.9858156028368794,
    "support": 142,
    "confused_with": {
      "greet": 3
    }
  },
  "greet": {
    "precision": 0.7,
    "recall": 1.0,
    "f1-score": 0.8235294117647058,
    "support": 7,
    "confused_with": {}
  },
  "update": {
    "precision": 1.0,
    "recall": 0.9090909090909091,
    "f1-score": 0.9523809523809523,
    "support": 11,
    "confused_with": {
      "add": 1
    }
  },
  "remove": {
    "precision": 1.0,
    "recall": 0.7142857142857143,
    "f1-score": 0.8333333333333333,
    "support": 7,
    "confused_with": {
      "add": 2
    }
  },
  "show": {
    "precision": 1.0,
    "recall": 1.0,
    "f1-score": 1.0,
    "support": 6,
    "confused_with": {}
  },
  "goodbye": {
    "precision": 1.0,
    "recall": 0.75,
    "f1-score": 0.8571428571428571,
    "support": 4,
    "confused_with": {
      "thank_you": 1
    }
  },
  "accuracy": 0.9591836734693877,
  "macro avg": {
    "precision": 0.9095238095238095,
    "recall": 0.8877812328516554,
    "f1-score": 0.8889116333187046,
    "support": 196
  },
  "weighted avg": {
    "precision": 0.9662536443148689,
    "recall": 0.9591836734693877,
    "f1-score": 0.9598213283655544,
    "support": 196
  }
}