{
  "add": {
    "precision": 0.8333333333333334,
    "recall": 1.0,
    "f1-score": 0.9090909090909091,
    "support": 15,
    "confused_with": {}
  },
  "thank_you": {
    "precision": 0.8,
    "recall": 1.0,
    "f1-score": 0.888888888888889,
    "support": 4,
    "confused_with": {}
  },
  "inform": {
    "precision": 0.9790209790209791,
    "recall": 0.9859154929577465,
    "f1-score": 0.9824561403508772,
    "support": 142,
    "confused_with": {
      "thank_you": 1,
      "add": 1
    }
  },
  "greet": {
    "precision": 1.0,
    "recall": 0.5714285714285714,
    "f1-score": 0.7272727272727273,
    "support": 7,
    "confused_with": {
      "inform": 3
    }
  },
  "update": {
    "precision": 1.0,
    "recall": 0.9090909090909091,
    "f1-score": 0.9523809523809523,
    "support": 11,
    "confused_with": {
      "add": 1
    }
  },
  "remove": {
    "precision": 1.0,
    "recall": 0.8571428571428571,
    "f1-score": 0.923076923076923,
    "support": 7,
    "confused_with": {
      "add": 1
    }
  },
  "show": {
    "precision": 0.8571428571428571,
    "recall": 1.0,
    "f1-score": 0.923076923076923,
    "support": 6,
    "confused_with": {}
  },
  "goodbye": {
    "precision": 1.0,
    "recall": 0.75,
    "f1-score": 0.8571428571428571,
    "support": 4,
    "confused_with": {
      "show": 1
    }
  },
  "accuracy": 0.9591836734693877,
  "macro avg": {
    "precision": 0.9336871461871462,
    "recall": 0.8841972288275105,
    "f1-score": 0.8954232901601322,
    "support": 196
  },
  "weighted avg": {
    "precision": 0.9635910008358988,
    "recall": 0.9591836734693877,
    "f1-score": 0.957634500599055,
    "support": 196
  }
}