{
  "add": {
    "precision": 0.8333333333333334,
    "recall": 1.0,
    "f1-score": 0.9090909090909091,
    "support": 15,
    "confused_with": {}
  },
  "thank_you": {
    "precision": 1.0,
    "recall": 0.75,
    "f1-score": 0.8571428571428571,
    "support": 4,
    "confused_with": {
      "inform": 1
    }
  },
  "inform": {
    "precision": 0.9928571428571429,
    "recall": 0.9788732394366197,
    "f1-score": 0.9858156028368794,
    "support": 142,
    "confused_with": {
      "greet": 3
    }
  },
  "greet": {
    "precision": 0.7,
    "recall": 1.0,
    "f1-score": 0.8235294117647058,
    "support": 7,
    "confused_with": {}
  },
  "update": {
    "precision": 1.0,
    "recall": 1.0,
    "f1-score": 1.0,
    "support": 11,
    "confused_with": {}
  },
  "remove": {
    "precision": 1.0,
    "recall": 0.5714285714285714,
    "f1-score": 0.7272727272727273,
    "support": 7,
    "confused_with": {
      "add": 3
    }
  },
  "show": {
    "precision": 1.0,
    "recall": 1.0,
    "f1-score": 1.0,
    "support": 6,
    "confused_with": {}
  },
  "goodbye": {
    "precision": 1.0,
    "recall": 1.0,
    "f1-score": 1.0,
    "support": 4,
    "confused_with": {}
  },
  "accuracy": 0.9642857142857143,
  "macro avg": {
    "precision": 0.9407738095238095,
    "recall": 0.9125377263581489,
    "f1-score": 0.9128564385135098,
    "support": 196
  },
  "weighted avg": {
    "precision": 0.9713556851311954,
    "recall": 0.9642857142857143,
    "f1-score": 0.963807987964459,
    "support": 196
  }
}