{
  "item_name": {
    "precision": 0.9301075268817204,
    "recall": 0.9505494505494505,
    "f1-score": 0.9402173913043479,
    "support": 182,
    "confused_with": {
      "item_quantity": 2
    }
  },
  "item_quantity": {
    "precision": 0.9696969696969697,
    "recall": 0.9696969696969697,
    "f1-score": 0.9696969696969697,
    "support": 99,
    "confused_with": {
      "item_name": 3
    }
  },
  "micro avg": {
    "precision": 0.9438596491228071,
    "recall": 0.9572953736654805,
    "f1-score": 0.9505300353356891,
    "support": 281
  },
  "macro avg": {
    "precision": 0.9499022482893451,
    "recall": 0.9601232101232101,
    "f1-score": 0.9549571805006588,
    "support": 281
  },
  "weighted avg": {
    "precision": 0.944055408870011,
    "recall": 0.9572953736654805,
    "f1-score": 0.9506034349373357,
    "support": 281
  }
}